email_id,timestamp,sender,sender_name,subject,body,is_spam,category,importance,is_actionable,tasks_count,tasks_summary,deadlines_count,deadlines_summary,priority,action_type,requires_human_approval,draft_reply
email_001,2026-08-23T09:00:00,sarah.jenkins@techcorp.io,Sarah Jenkins,URGENT: Q3 Financial Report Review by Tomorrow 4 PM,"Hi Alex, \n  \n We need to finalize the Q3 Financial Report before the board meeting. Could you please review slides 12 through 25, verify the EBITDA numbers, and send me your feedback by tomorrow at 4:00 PM? \n  \n This is critical for Wednesday's presentation. \n  \n Thanks, \n Sarah",FALSE,work,high,TRUE,1,"Review slides 12-25 of Q3 Financial Report (Review slides 12 through 25, verify EBITDA numbers, and send feedback to Sarah)",2,tomorrow at 4:00 PM -> 2026-08-24T16:00:00 [Send feedback on Q3 Financial Report to Sarah] | Wednesday -> 2026-08-26T09:00:00 [Board meeting presentation],High,create_task_and_reminder,TRUE,"Hi Sarah, \n  \n I will review slides 12-25 and verify the EBITDA figures, then get back to you with my notes before 4:00 PM tomorrow. \n  \n Best, \n Alex"
email_002,2026-08-23T10:00:00,david.ross@clientpartner.com,David Ross,API Integration Feedback & Sync Request,"Hello Alex, \n  \n Our engineering team tested the new webhook endpoints. Overall it looks great, but we found a timeout issue on the /v1/payments endpoint.  \n  \n Please look into the timeout issue and update the API documentation accordingly by Friday at 5 PM. \n  \n Also, let's schedule a 30-minute sync on Thursday, Aug 27 at 2:30 PM to discuss the rollout. \n  \n Regards, \n David Ross",FALSE,work,high,TRUE,2,Investigate /v1/payments webhook timeout issue (Debug timeout issue on webhook endpoints reported by David's team) | Update API documentation for webhooks (Update API docs for webhook endpoints by Friday 5 PM),2,"Friday at 5 PM -> 2026-08-28T17:00:00 [Update API documentation] | Thursday, Aug 27 at 2:30 PM -> 2026-08-27T14:30:00 [30-minute sync with David Ross on API rollout]",High,create_task_and_reminder,TRUE,"Hi David, \n  \n Thanks for the feedback. I am investigating the /v1/payments timeout and will have the documentation updated by Friday 5 PM. Thursday at 2:30 PM works for the sync. \n  \n Best, \n Alex"
email_003,2026-08-23T11:00:00,rewards@claim-crypto-bonus-now.xyz,Global Reward Center,"CONGRATULATIONS! You have won $5,000 in Bitcoin! Claim within 24 hours!","Dear valued customer, \n  \n Your email address has been selected as the 1st prize winner of 0.15 BTC ($5,000 USD).  \n  \n Click the link below immediately to connect your wallet and withdraw your prize: \n http://claim-crypto-bonus-now.xyz/claim?id=99283 \n  \n Failure to claim within 24 hours will forfeit your rewards.",TRUE,spam,low,FALSE,0,None,0,None,Low,archive_label,FALSE,
email_004,2026-08-23T12:00:00,news@cloudhosting.net,CloudHosting Pro,Flash Sale: 50% Off All Dedicated Cloud Instances This Weekend!,"Hi Alex, \n  \n Upgrade your infrastructure today! For the next 48 hours only, get 50% off our Enterprise NVMe dedicated cloud servers. Use promo code FLASH50 at checkout. \n  \n Offer ends Sunday midnight. \n  \n Unsubscribe from these emails anytime by clicking here.",FALSE,promotional,low,FALSE,0,None,1,Sunday midnight -> 2026-08-30T23:59:59 [Flash sale promo code FLASH50 expiration],Low,archive_label,FALSE,
email_005,2026-08-23T13:00:00,no-reply@github.com,GitHub Notifications,[GitHub] Run Succeeded: Deploy to Production #142,GitHub Actions workflow 'Production Deployment' has completed successfully. \n  \n Commit: a8f9b1c (Merge pull request #89 from techcorp/feature-auth) \n Branch: main \n Duration: 4m 12s \n  \n View build logs: https://github.com/techcorp/backend/actions/runs/142,FALSE,notification,medium,FALSE,0,None,0,None,Low,archive_label,FALSE,
email_006,2026-08-23T14:00:00,emma.sister@gmail.com,Emma Wilson,Mom's Birthday Dinner this Saturday at 7 PM,"Hey Alex, \n  \n We are organizing Mom's surprise birthday dinner this Saturday at 7:00 PM at Olive Garden downtown. Can you please bring the birthday cake from Bella's Bakery? Make sure to pick it up by 5:30 PM before they close. \n  \n Let me know if that works for you! \n  \n Love, \n Emma",FALSE,personal,high,TRUE,1,Pick up Mom's birthday cake from Bella's Bakery (Pick up birthday cake by 5:30 PM this Saturday for surprise dinner),2,Saturday by 5:30 PM -> 2026-08-29T17:30:00 [Pick up cake from bakery before closing] | this Saturday at 7:00 PM -> 2026-08-29T19:00:00 [Mom's surprise birthday dinner at Olive Garden],Medium,create_task_and_reminder,TRUE,"Hey Emma, \n  \n Sounds great! I'll order and pick up the cake from Bella's Bakery before 5:30 PM on Saturday and see you all at 7 PM. \n  \n Love, \n Alex"
email_007,2026-08-23T15:00:00,hr@techcorp.io,TechCorp People Operations,Annual Cybersecurity Awareness Training - Due Sept 15,"Dear Employee, \n  \n As part of our compliance standards, all staff members are required to complete the 2026 Annual Cybersecurity Training module. \n  \n The course takes approximately 45 minutes to complete. \n  \n Please log in to the portal and finish the module by September 15, 2026, 6:00 PM. \n  \n Link: https://learning.techcorp.io/course/sec-2026 \n  \n Thank you, \n People Operations",FALSE,work,medium,TRUE,1,Complete Annual Cybersecurity Awareness Training (Finish 45-min online training module on learning portal),1,"September 15, 2026, 6:00 PM -> 2026-09-15T18:00:00 [Cybersecurity compliance training due date]",Low,create_task_and_reminder,FALSE,
email_008,2026-08-23T16:00:00,ops-alerts@techcorp.io,DevOps Incident Response,CRITICAL P0 INCIDENT: Database Connection Pool Exhausted in US-East,"ALERT: P0 Incident #8892 opened. \n  \n Impact: 35% of incoming API requests are failing with HTTP 500 error. \n Service: Payment Gateway & User Auth. \n  \n Action Required: Alex, please join the incident bridge war room immediately at https://meet.techcorp.io/war-room-p0 and deploy the hotfix within 1 hour. \n  \n Incident Commander: Marcus Vance",FALSE,work,high,TRUE,1,Join P0 incident war room and deploy database connection hotfix (Investigate connection pool exhaustion in US-East and deploy hotfix within 1 hour),2,within 1 hour -> 2026-08-23T17:00:00 [Deploy database hotfix to restore US-East cluster] | immediately -> 2026-08-23T16:00:00 [Incident bridge war room],High,escalate,FALSE,
email_009,2026-08-23T17:00:00,billing@cloudservices.com,CloudServices Billing,Invoice INV-2026-881 for August Services Due in 10 Days,"Dear Alex, \n  \n Please find attached Invoice #INV-2026-881 for the period Aug 1 - Aug 23, 2026, totaling $3,450.00. \n  \n Please approve and remit payment by September 2, 2026 to avoid late fees. \n  \n Payment Portal: https://billing.cloudservices.com/pay/881 \n  \n Thank you for your business.",FALSE,work,medium,TRUE,1,"Approve and process payment for Invoice #INV-2026-881 ($3,450.00) (Review CloudServices August invoice and submit for accounts payable)",1,"September 2, 2026 -> 2026-09-02T17:00:00 [Payment due date for invoice INV-2026-881]",Medium,create_task_and_reminder,FALSE,
email_010,2026-08-23T18:00:00,security-alert@service-paypal-verify.net,PayPal Security,Account Suspended: Verify your identity immediately,"We detected unauthorized login attempts from IP 192.168.4.12. Your account has been temporarily restricted. \n  \n To restore your account access, click here: http://service-paypal-verify.net/restore \n  \n If you do not verify within 12 hours, your account will be permanently closed.",TRUE,spam,low,FALSE,0,None,0,None,Low,archive_label,FALSE,
email_011,2026-08-23T20:17:00,rachel.pm@techcorp.io,Rachel Green (Product),[WORK] Sprint 42 Backlog Grooming Action Items #11,"Hi Alex, \n  \n Following our grooming session, please estimate story points for tickets TECH-401 through TECH-410 by tomorrow at 2:00 PM. Also, please review the PR from backend team before end of day Wednesday. \n  \n Thanks, \n Rachel",FALSE,work,high,TRUE,2,Estimate story points for tickets TECH-401 to TECH-410 (Add estimates in Jira by tomorrow 2 PM) | Review backend team Pull Request (Review PR before end of day Wednesday),2,tomorrow at 2:00 PM -> 2026-08-24T14:00:00 [Jira ticket point estimations] | end of day Wednesday -> 2026-08-26T18:00:00 [Backend PR review],High,create_task_and_reminder,TRUE,"Hi Rachel, I'll finish the story point estimates by 2 PM tomorrow and review the PR by Wednesday. Thanks!"
email_012,2026-08-23T21:24:00,sam.legal@techcorp.io,Samira Legal,[WORK] NDA Signature Required for Partner Alpha #12,"Hi Alex, \n  \n Attached is the non-disclosure agreement for our upcoming partnership with Partner Alpha. Please sign and return the executed PDF by Thursday at 12:00 PM. \n  \n Best, \n Samira",FALSE,work,medium,TRUE,1,Sign and return Partner Alpha NDA PDF (Sign executed NDA and email back to Samira by Thursday noon),1,Thursday at 12:00 PM -> 2026-08-27T12:00:00 [Signed NDA due to Legal],Medium,create_task_and_reminder,TRUE,"Hi Samira, received. I will sign and return the NDA before Thursday 12:00 PM."
email_013,2026-08-23T22:31:00,deals@techgear.shop,TechGear Shop,[PROMOTIONAL] Back to School Tech Deals - Up to 40% Off Laptops & Monitors #13,"Don't miss our biggest tech sale of the summer! Get top-tier 4K monitors, mechanical keyboards, and noise-canceling headphones at unbeatable prices. \n  \n Shop now: https://techgear.shop/deals \n  \n Sale expires Monday, Aug 31 at 11:59 PM.",FALSE,promotional,low,FALSE,0,None,1,"Monday, Aug 31 at 11:59 PM -> 2026-08-31T23:59:00 [TechGear sale expiration]",Low,archive_label,FALSE,
email_014,2026-08-23T23:38:00,service@uber.com,Uber Receipts,[NOTIFICATION] Your Sunday evening trip with Uber #14,"Total: $24.80 \n Date: Aug 23, 2026 \n Driver: Carlos \n Pickup: 5th Avenue \n Dropoff: Market Street \n  \n Thanks for riding with Uber. You can view your invoice anytime in the app.",FALSE,notification,low,FALSE,0,None,0,None,Low,archive_label,FALSE,
email_015,2026-08-24T00:45:00,dr.john.okoro@nigerian-oil-board.org,Barrister John Okoro,[SPAM] Confidential Business Proposal: Transfer of $18.5M USD #15,"Dear Respected Friend, \n  \n I am the personal attorney to a deceased expatriate who left funds totaling $18.5M USD with no beneficiary. I seek your partnership to claim these funds legally. You will receive 30% of total sum. \n  \n Please reply immediately with your passport copy.",TRUE,spam,low,FALSE,0,None,0,None,Low,archive_label,FALSE,
email_016,2026-08-24T01:52:00,michael.friend@gmail.com,Michael Chang,[PERSONAL] Camping Trip Planning for Next Weekend #16,"Hey Alex, \n  \n Are we still on for Yosemite next weekend (Sept 5-7)? Let me know if you can book the campsite by this Friday night, otherwise all spots will be taken! \n  \n Cheers, \n Mike",FALSE,personal,medium,TRUE,1,Book Yosemite campsite for Sept 5-7 trip (Reserve campsite online before Friday night),1,this Friday night -> 2026-08-28T22:00:00 [Reserve Yosemite campsite],Medium,create_task_and_reminder,TRUE,"Hey Mike, yes I'm in! I'll book the campsite tonight and share the reservation details with you."
email_017,2026-08-24T02:59:00,elena.client@globalfirm.org,Elena Rostova,[WORK] Contract Renewal Q4 & Feedback Form #17,"Dear Alex, \n  \n We are preparing the Q4 service contract renewal. Please complete the attached vendor feedback form and submit it to our procurement team by August 31, 2026 at 5:00 PM. \n  \n Kind regards, \n Elena",FALSE,work,high,TRUE,1,Complete and submit vendor feedback form for Q4 renewal (Fill out attached procurement form and email to Elena by Aug 31),1,"August 31, 2026 at 5:00 PM -> 2026-08-31T17:00:00 [Submit vendor feedback form]",High,create_task_and_reminder,TRUE,"Dear Elena, thank you. I will complete the feedback form and submit it before August 31, 5:00 PM."
email_018,2026-08-24T03:06:00,alerts@datadog.com,Datadog Alert,[NOTIFICATION] [Warn] Memory usage > 85% on prod-worker-04 #18,Datadog Monitor Alert: \n Host: prod-worker-04 \n Metric: system.mem.used > 85% for 15 mins. \n Status: Warning \n Dashboard: https://app.datadoghq.com/monitors/88219,FALSE,notification,medium,FALSE,0,None,0,None,Medium,archive_label,FALSE,
email_019,2026-08-24T04:13:00,fast-cash@instant-loans-preapproved.biz,Fast Cash Loans,"[SPAM] Pre-approved: $50,000 Unsecured Business Loan at 0% Interest! #19","Congratulations! You qualify for our instant pre-approved $50,000 credit line with zero collateral required. Click here now to claim your cash before the end of the day: http://instant-loans-preapproved.biz/apply",TRUE,spam,low,FALSE,0,None,0,None,Low,archive_label,FALSE,
email_020,2026-08-24T05:20:00,reception@cityhealthclinic.com,City Health Clinic,[PERSONAL] Appointment Confirmation & Pre-visit Form #20,"Hello Alex, \n  \n This is a reminder for your annual physical exam scheduled for Thursday, September 3 at 11:00 AM. \n  \n Please complete your online medical history intake form at least 24 hours in advance by Sept 2 at 11:00 AM. \n  \n Clinic Staff",FALSE,personal,high,TRUE,1,Fill out medical history intake form for annual physical (Complete clinic intake form online 24h prior to appointment),2,"Sept 2 at 11:00 AM -> 2026-09-02T11:00:00 [Complete clinic pre-visit intake form] | Thursday, September 3 at 11:00 AM -> 2026-09-03T11:00:00 [Annual physical appointment]",High,create_task_and_reminder,FALSE,
email_021,2026-08-24T06:27:00,rachel.pm@techcorp.io,Rachel Green (Product),[WORK] Sprint 42 Backlog Grooming Action Items #21,"Hi Alex, \n  \n Following our grooming session, please estimate story points for tickets TECH-401 through TECH-410 by tomorrow at 2:00 PM. Also, please review the PR from backend team before end of day Wednesday. \n  \n Thanks, \n Rachel",FALSE,work,high,TRUE,2,Estimate story points for tickets TECH-401 to TECH-410 (Add estimates in Jira by tomorrow 2 PM) | Review backend team Pull Request (Review PR before end of day Wednesday),2,tomorrow at 2:00 PM -> 2026-08-24T14:00:00 [Jira ticket point estimations] | end of day Wednesday -> 2026-08-26T18:00:00 [Backend PR review],High,create_task_and_reminder,TRUE,"Hi Rachel, I'll finish the story point estimates by 2 PM tomorrow and review the PR by Wednesday. Thanks!"
email_022,2026-08-24T07:34:00,sam.legal@techcorp.io,Samira Legal,[WORK] NDA Signature Required for Partner Alpha #22,"Hi Alex, \n  \n Attached is the non-disclosure agreement for our upcoming partnership with Partner Alpha. Please sign and return the executed PDF by Thursday at 12:00 PM. \n  \n Best, \n Samira",FALSE,work,medium,TRUE,1,Sign and return Partner Alpha NDA PDF (Sign executed NDA and email back to Samira by Thursday noon),1,Thursday at 12:00 PM -> 2026-08-27T12:00:00 [Signed NDA due to Legal],Medium,create_task_and_reminder,TRUE,"Hi Samira, received. I will sign and return the NDA before Thursday 12:00 PM."
email_023,2026-08-24T08:41:00,deals@techgear.shop,TechGear Shop,[PROMOTIONAL] Back to School Tech Deals - Up to 40% Off Laptops & Monitors #23,"Don't miss our biggest tech sale of the summer! Get top-tier 4K monitors, mechanical keyboards, and noise-canceling headphones at unbeatable prices. \n  \n Shop now: https://techgear.shop/deals \n  \n Sale expires Monday, Aug 31 at 11:59 PM.",FALSE,promotional,low,FALSE,0,None,1,"Monday, Aug 31 at 11:59 PM -> 2026-08-31T23:59:00 [TechGear sale expiration]",Low,archive_label,FALSE,
email_024,2026-08-24T09:48:00,service@uber.com,Uber Receipts,[NOTIFICATION] Your Sunday evening trip with Uber #24,"Total: $24.80 \n Date: Aug 23, 2026 \n Driver: Carlos \n Pickup: 5th Avenue \n Dropoff: Market Street \n  \n Thanks for riding with Uber. You can view your invoice anytime in the app.",FALSE,notification,low,FALSE,0,None,0,None,Low,archive_label,FALSE,
email_025,2026-08-24T10:55:00,dr.john.okoro@nigerian-oil-board.org,Barrister John Okoro,[SPAM] Confidential Business Proposal: Transfer of $18.5M USD #25,"Dear Respected Friend, \n  \n I am the personal attorney to a deceased expatriate who left funds totaling $18.5M USD with no beneficiary. I seek your partnership to claim these funds legally. You will receive 30% of total sum. \n  \n Please reply immediately with your passport copy.",TRUE,spam,low,FALSE,0,None,0,None,Low,archive_label,FALSE,
email_026,2026-08-24T11:02:00,michael.friend@gmail.com,Michael Chang,[PERSONAL] Camping Trip Planning for Next Weekend #26,"Hey Alex, \n  \n Are we still on for Yosemite next weekend (Sept 5-7)? Let me know if you can book the campsite by this Friday night, otherwise all spots will be taken! \n  \n Cheers, \n Mike",FALSE,personal,medium,TRUE,1,Book Yosemite campsite for Sept 5-7 trip (Reserve campsite online before Friday night),1,this Friday night -> 2026-08-28T22:00:00 [Reserve Yosemite campsite],Medium,create_task_and_reminder,TRUE,"Hey Mike, yes I'm in! I'll book the campsite tonight and share the reservation details with you."
email_027,2026-08-24T12:09:00,elena.client@globalfirm.org,Elena Rostova,[WORK] Contract Renewal Q4 & Feedback Form #27,"Dear Alex, \n  \n We are preparing the Q4 service contract renewal. Please complete the attached vendor feedback form and submit it to our procurement team by August 31, 2026 at 5:00 PM. \n  \n Kind regards, \n Elena",FALSE,work,high,TRUE,1,Complete and submit vendor feedback form for Q4 renewal (Fill out attached procurement form and email to Elena by Aug 31),1,"August 31, 2026 at 5:00 PM -> 2026-08-31T17:00:00 [Submit vendor feedback form]",High,create_task_and_reminder,TRUE,"Dear Elena, thank you. I will complete the feedback form and submit it before August 31, 5:00 PM."
email_028,2026-08-24T13:16:00,alerts@datadog.com,Datadog Alert,[NOTIFICATION] [Warn] Memory usage > 85% on prod-worker-04 #28,Datadog Monitor Alert: \n Host: prod-worker-04 \n Metric: system.mem.used > 85% for 15 mins. \n Status: Warning \n Dashboard: https://app.datadoghq.com/monitors/88219,FALSE,notification,medium,FALSE,0,None,0,None,Medium,archive_label,FALSE,
email_029,2026-08-24T14:23:00,fast-cash@instant-loans-preapproved.biz,Fast Cash Loans,"[SPAM] Pre-approved: $50,000 Unsecured Business Loan at 0% Interest! #29","Congratulations! You qualify for our instant pre-approved $50,000 credit line with zero collateral required. Click here now to claim your cash before the end of the day: http://instant-loans-preapproved.biz/apply",TRUE,spam,low,FALSE,0,None,0,None,Low,archive_label,FALSE,
email_030,2026-08-24T15:30:00,reception@cityhealthclinic.com,City Health Clinic,[PERSONAL] Appointment Confirmation & Pre-visit Form #30,"Hello Alex, \n  \n This is a reminder for your annual physical exam scheduled for Thursday, September 3 at 11:00 AM. \n  \n Please complete your online medical history intake form at least 24 hours in advance by Sept 2 at 11:00 AM. \n  \n Clinic Staff",FALSE,personal,high,TRUE,1,Fill out medical history intake form for annual physical (Complete clinic intake form online 24h prior to appointment),2,"Sept 2 at 11:00 AM -> 2026-09-02T11:00:00 [Complete clinic pre-visit intake form] | Thursday, September 3 at 11:00 AM -> 2026-09-03T11:00:00 [Annual physical appointment]",High,create_task_and_reminder,FALSE,
email_031,2026-08-24T16:37:00,rachel.pm@techcorp.io,Rachel Green (Product),[WORK] Sprint 42 Backlog Grooming Action Items #31,"Hi Alex, \n  \n Following our grooming session, please estimate story points for tickets TECH-401 through TECH-410 by tomorrow at 2:00 PM. Also, please review the PR from backend team before end of day Wednesday. \n  \n Thanks, \n Rachel",FALSE,work,high,TRUE,2,Estimate story points for tickets TECH-401 to TECH-410 (Add estimates in Jira by tomorrow 2 PM) | Review backend team Pull Request (Review PR before end of day Wednesday),2,tomorrow at 2:00 PM -> 2026-08-24T14:00:00 [Jira ticket point estimations] | end of day Wednesday -> 2026-08-26T18:00:00 [Backend PR review],High,create_task_and_reminder,TRUE,"Hi Rachel, I'll finish the story point estimates by 2 PM tomorrow and review the PR by Wednesday. Thanks!"
email_032,2026-08-24T17:44:00,sam.legal@techcorp.io,Samira Legal,[WORK] NDA Signature Required for Partner Alpha #32,"Hi Alex, \n  \n Attached is the non-disclosure agreement for our upcoming partnership with Partner Alpha. Please sign and return the executed PDF by Thursday at 12:00 PM. \n  \n Best, \n Samira",FALSE,work,medium,TRUE,1,Sign and return Partner Alpha NDA PDF (Sign executed NDA and email back to Samira by Thursday noon),1,Thursday at 12:00 PM -> 2026-08-27T12:00:00 [Signed NDA due to Legal],Medium,create_task_and_reminder,TRUE,"Hi Samira, received. I will sign and return the NDA before Thursday 12:00 PM."
email_033,2026-08-24T18:51:00,deals@techgear.shop,TechGear Shop,[PROMOTIONAL] Back to School Tech Deals - Up to 40% Off Laptops & Monitors #33,"Don't miss our biggest tech sale of the summer! Get top-tier 4K monitors, mechanical keyboards, and noise-canceling headphones at unbeatable prices. \n  \n Shop now: https://techgear.shop/deals \n  \n Sale expires Monday, Aug 31 at 11:59 PM.",FALSE,promotional,low,FALSE,0,None,1,"Monday, Aug 31 at 11:59 PM -> 2026-08-31T23:59:00 [TechGear sale expiration]",Low,archive_label,FALSE,
email_034,2026-08-24T19:58:00,service@uber.com,Uber Receipts,[NOTIFICATION] Your Sunday evening trip with Uber #34,"Total: $24.80 \n Date: Aug 23, 2026 \n Driver: Carlos \n Pickup: 5th Avenue \n Dropoff: Market Street \n  \n Thanks for riding with Uber. You can view your invoice anytime in the app.",FALSE,notification,low,FALSE,0,None,0,None,Low,archive_label,FALSE,
email_035,2026-08-24T20:05:00,dr.john.okoro@nigerian-oil-board.org,Barrister John Okoro,[SPAM] Confidential Business Proposal: Transfer of $18.5M USD #35,"Dear Respected Friend, \n  \n I am the personal attorney to a deceased expatriate who left funds totaling $18.5M USD with no beneficiary. I seek your partnership to claim these funds legally. You will receive 30% of total sum. \n  \n Please reply immediately with your passport copy.",TRUE,spam,low,FALSE,0,None,0,None,Low,archive_label,FALSE,
email_036,2026-08-24T21:12:00,michael.friend@gmail.com,Michael Chang,[PERSONAL] Camping Trip Planning for Next Weekend #36,"Hey Alex, \n  \n Are we still on for Yosemite next weekend (Sept 5-7)? Let me know if you can book the campsite by this Friday night, otherwise all spots will be taken! \n  \n Cheers, \n Mike",FALSE,personal,medium,TRUE,1,Book Yosemite campsite for Sept 5-7 trip (Reserve campsite online before Friday night),1,this Friday night -> 2026-08-28T22:00:00 [Reserve Yosemite campsite],Medium,create_task_and_reminder,TRUE,"Hey Mike, yes I'm in! I'll book the campsite tonight and share the reservation details with you."
email_037,2026-08-24T22:19:00,elena.client@globalfirm.org,Elena Rostova,[WORK] Contract Renewal Q4 & Feedback Form #37,"Dear Alex, \n  \n We are preparing the Q4 service contract renewal. Please complete the attached vendor feedback form and submit it to our procurement team by August 31, 2026 at 5:00 PM. \n  \n Kind regards, \n Elena",FALSE,work,high,TRUE,1,Complete and submit vendor feedback form for Q4 renewal (Fill out attached procurement form and email to Elena by Aug 31),1,"August 31, 2026 at 5:00 PM -> 2026-08-31T17:00:00 [Submit vendor feedback form]",High,create_task_and_reminder,TRUE,"Dear Elena, thank you. I will complete the feedback form and submit it before August 31, 5:00 PM."
email_038,2026-08-24T23:26:00,alerts@datadog.com,Datadog Alert,[NOTIFICATION] [Warn] Memory usage > 85% on prod-worker-04 #38,Datadog Monitor Alert: \n Host: prod-worker-04 \n Metric: system.mem.used > 85% for 15 mins. \n Status: Warning \n Dashboard: https://app.datadoghq.com/monitors/88219,FALSE,notification,medium,FALSE,0,None,0,None,Medium,archive_label,FALSE,
email_039,2026-08-25T00:33:00,fast-cash@instant-loans-preapproved.biz,Fast Cash Loans,"[SPAM] Pre-approved: $50,000 Unsecured Business Loan at 0% Interest! #39","Congratulations! You qualify for our instant pre-approved $50,000 credit line with zero collateral required. Click here now to claim your cash before the end of the day: http://instant-loans-preapproved.biz/apply",TRUE,spam,low,FALSE,0,None,0,None,Low,archive_label,FALSE,
email_040,2026-08-25T01:40:00,reception@cityhealthclinic.com,City Health Clinic,[PERSONAL] Appointment Confirmation & Pre-visit Form #40,"Hello Alex, \n  \n This is a reminder for your annual physical exam scheduled for Thursday, September 3 at 11:00 AM. \n  \n Please complete your online medical history intake form at least 24 hours in advance by Sept 2 at 11:00 AM. \n  \n Clinic Staff",FALSE,personal,high,TRUE,1,Fill out medical history intake form for annual physical (Complete clinic intake form online 24h prior to appointment),2,"Sept 2 at 11:00 AM -> 2026-09-02T11:00:00 [Complete clinic pre-visit intake form] | Thursday, September 3 at 11:00 AM -> 2026-09-03T11:00:00 [Annual physical appointment]",High,create_task_and_reminder,FALSE,
email_041,2026-08-25T02:47:00,rachel.pm@techcorp.io,Rachel Green (Product),[WORK] Sprint 42 Backlog Grooming Action Items #41,"Hi Alex, \n  \n Following our grooming session, please estimate story points for tickets TECH-401 through TECH-410 by tomorrow at 2:00 PM. Also, please review the PR from backend team before end of day Wednesday. \n  \n Thanks, \n Rachel",FALSE,work,high,TRUE,2,Estimate story points for tickets TECH-401 to TECH-410 (Add estimates in Jira by tomorrow 2 PM) | Review backend team Pull Request (Review PR before end of day Wednesday),2,tomorrow at 2:00 PM -> 2026-08-24T14:00:00 [Jira ticket point estimations] | end of day Wednesday -> 2026-08-26T18:00:00 [Backend PR review],High,create_task_and_reminder,TRUE,"Hi Rachel, I'll finish the story point estimates by 2 PM tomorrow and review the PR by Wednesday. Thanks!"
email_042,2026-08-25T03:54:00,sam.legal@techcorp.io,Samira Legal,[WORK] NDA Signature Required for Partner Alpha #42,"Hi Alex, \n  \n Attached is the non-disclosure agreement for our upcoming partnership with Partner Alpha. Please sign and return the executed PDF by Thursday at 12:00 PM. \n  \n Best, \n Samira",FALSE,work,medium,TRUE,1,Sign and return Partner Alpha NDA PDF (Sign executed NDA and email back to Samira by Thursday noon),1,Thursday at 12:00 PM -> 2026-08-27T12:00:00 [Signed NDA due to Legal],Medium,create_task_and_reminder,TRUE,"Hi Samira, received. I will sign and return the NDA before Thursday 12:00 PM."
email_043,2026-08-25T04:01:00,deals@techgear.shop,TechGear Shop,[PROMOTIONAL] Back to School Tech Deals - Up to 40% Off Laptops & Monitors #43,"Don't miss our biggest tech sale of the summer! Get top-tier 4K monitors, mechanical keyboards, and noise-canceling headphones at unbeatable prices. \n  \n Shop now: https://techgear.shop/deals \n  \n Sale expires Monday, Aug 31 at 11:59 PM.",FALSE,promotional,low,FALSE,0,None,1,"Monday, Aug 31 at 11:59 PM -> 2026-08-31T23:59:00 [TechGear sale expiration]",Low,archive_label,FALSE,
email_044,2026-08-25T05:08:00,service@uber.com,Uber Receipts,[NOTIFICATION] Your Sunday evening trip with Uber #44,"Total: $24.80 \n Date: Aug 23, 2026 \n Driver: Carlos \n Pickup: 5th Avenue \n Dropoff: Market Street \n  \n Thanks for riding with Uber. You can view your invoice anytime in the app.",FALSE,notification,low,FALSE,0,None,0,None,Low,archive_label,FALSE,
email_045,2026-08-25T06:15:00,dr.john.okoro@nigerian-oil-board.org,Barrister John Okoro,[SPAM] Confidential Business Proposal: Transfer of $18.5M USD #45,"Dear Respected Friend, \n  \n I am the personal attorney to a deceased expatriate who left funds totaling $18.5M USD with no beneficiary. I seek your partnership to claim these funds legally. You will receive 30% of total sum. \n  \n Please reply immediately with your passport copy.",TRUE,spam,low,FALSE,0,None,0,None,Low,archive_label,FALSE,
email_046,2026-08-25T07:22:00,michael.friend@gmail.com,Michael Chang,[PERSONAL] Camping Trip Planning for Next Weekend #46,"Hey Alex, \n  \n Are we still on for Yosemite next weekend (Sept 5-7)? Let me know if you can book the campsite by this Friday night, otherwise all spots will be taken! \n  \n Cheers, \n Mike",FALSE,personal,medium,TRUE,1,Book Yosemite campsite for Sept 5-7 trip (Reserve campsite online before Friday night),1,this Friday night -> 2026-08-28T22:00:00 [Reserve Yosemite campsite],Medium,create_task_and_reminder,TRUE,"Hey Mike, yes I'm in! I'll book the campsite tonight and share the reservation details with you."
email_047,2026-08-25T08:29:00,elena.client@globalfirm.org,Elena Rostova,[WORK] Contract Renewal Q4 & Feedback Form #47,"Dear Alex, \n  \n We are preparing the Q4 service contract renewal. Please complete the attached vendor feedback form and submit it to our procurement team by August 31, 2026 at 5:00 PM. \n  \n Kind regards, \n Elena",FALSE,work,high,TRUE,1,Complete and submit vendor feedback form for Q4 renewal (Fill out attached procurement form and email to Elena by Aug 31),1,"August 31, 2026 at 5:00 PM -> 2026-08-31T17:00:00 [Submit vendor feedback form]",High,create_task_and_reminder,TRUE,"Dear Elena, thank you. I will complete the feedback form and submit it before August 31, 5:00 PM."
email_048,2026-08-25T09:36:00,alerts@datadog.com,Datadog Alert,[NOTIFICATION] [Warn] Memory usage > 85% on prod-worker-04 #48,Datadog Monitor Alert: \n Host: prod-worker-04 \n Metric: system.mem.used > 85% for 15 mins. \n Status: Warning \n Dashboard: https://app.datadoghq.com/monitors/88219,FALSE,notification,medium,FALSE,0,None,0,None,Medium,archive_label,FALSE,
email_049,2026-08-25T10:43:00,fast-cash@instant-loans-preapproved.biz,Fast Cash Loans,"[SPAM] Pre-approved: $50,000 Unsecured Business Loan at 0% Interest! #49","Congratulations! You qualify for our instant pre-approved $50,000 credit line with zero collateral required. Click here now to claim your cash before the end of the day: http://instant-loans-preapproved.biz/apply",TRUE,spam,low,FALSE,0,None,0,None,Low,archive_label,FALSE,
email_050,2026-08-25T11:50:00,reception@cityhealthclinic.com,City Health Clinic,[PERSONAL] Appointment Confirmation & Pre-visit Form #50,"Hello Alex, \n  \n This is a reminder for your annual physical exam scheduled for Thursday, September 3 at 11:00 AM. \n  \n Please complete your online medical history intake form at least 24 hours in advance by Sept 2 at 11:00 AM. \n  \n Clinic Staff",FALSE,personal,high,TRUE,1,Fill out medical history intake form for annual physical (Complete clinic intake form online 24h prior to appointment),2,"Sept 2 at 11:00 AM -> 2026-09-02T11:00:00 [Complete clinic pre-visit intake form] | Thursday, September 3 at 11:00 AM -> 2026-09-03T11:00:00 [Annual physical appointment]",High,create_task_and_reminder,FALSE,
